City_ID,City,Country,Date,Lat,Lng,Max Temp,Humidity,Cloudiness,Wind Speed
0,Matara,LK,6/6/2021 11:42,5.9485,80.5353,82.31,80,84,12.3
1,Airai,TL,6/6/2021 11:42,-8.9266,125.4092,58.37,91,88,2.35
2,Kitimat,CA,6/6/2021 11:45,54.0524,-128.6534,46.9,97,100,2.1
3,Neiafu,TO,6/6/2021 11:46,-18.65,-173.9833,76.93,66,5,11.63
4,Srandakan,ID,6/6/2021 11:45,-7.9386,110.2506,63.73,84,38,5.03
5,Bang Saphan,TH,6/6/2021 11:46,11.2126,99.5117,84.15,74,100,8.41
6,Kulhudhuffushi,MV,6/6/2021 11:46,6.6221,73.07,82.15,78,98,14.16
7,Bereda,ES,6/6/2021 11:46,43.2686,-7.5406,69.42,65,72,5.21
8,Mar Del Plata,AR,6/6/2021 11:39,-38.0023,-57.5575,46.13,70,0,1.99
9,Rikitea,PF,6/6/2021 11:42,-23.1203,-134.9692,76.23,82,100,16.87
10,New Norfolk,AU,6/6/2021 11:42,-42.7826,147.0587,48.92,81,94,2.24
11,Bud,US,6/6/2021 11:44,39.447,-86.1758,68.34,95,90,5.97
12,Kapaa,US,6/6/2021 11:42,22.0752,-159.319,75.52,81,20,11.88
13,Puerto Ayora,EC,6/6/2021 11:42,-0.7393,-90.3518,72.55,93,42,3
14,Avarua,CK,6/6/2021 11:42,-21.2078,-159.775,69.85,73,76,3.44
15,Tuktoyaktuk,CA,6/6/2021 11:42,69.4541,-133.0374,30.49,89,14,5.68
16,Komsomolskiy,UZ,6/6/2021 11:43,40.4272,71.7189,102.92,10,0,6.91
17,Mahebourg,MU,6/6/2021 11:42,-20.4081,57.7,79.25,73,75,10.36
18,Biak,ID,6/6/2021 11:44,-0.9131,122.8766,77.32,79,53,5.88
19,Broome,US,6/6/2021 11:43,42.2506,-75.833,73.36,79,1,3.98
20,Kuruman,ZA,6/6/2021 11:46,-27.4524,23.4325,59.99,26,0,17.74
21,Busselton,AU,6/6/2021 11:42,-33.65,115.3333,56.08,74,27,9.86
22,Klyuchi,RU,6/6/2021 11:46,52.2667,79.1667,74.52,29,5,1.25
23,Cape Town,ZA,6/6/2021 11:37,-33.9258,18.4232,80.28,20,0,15.03
24,Hobart,AU,6/6/2021 11:38,-42.8794,147.3294,49.26,82,20,5.41
25,Morro Bay,US,6/6/2021 11:46,35.3658,-120.8499,55.9,90,80,4.56
26,Turka,UA,6/6/2021 11:46,49.1541,23.0297,72.25,54,5,9.08
27,Sola,VU,6/6/2021 11:44,-13.8833,167.55,79.86,76,69,13.2
28,Hilo,US,6/6/2021 11:42,19.7297,-155.09,70.79,87,90,8.05
29,Bathsheba,BB,6/6/2021 11:42,13.2167,-59.5167,83.01,61,40,18.14
30,Sokolo,ML,6/6/2021 11:44,14.7328,-6.1219,103.05,25,8,14
31,Vila Velha,BR,6/6/2021 11:44,-20.3297,-40.2925,73.35,86,20,1.99
32,Mataura,NZ,6/6/2021 11:42,-46.1927,168.8643,49.48,89,81,1.07
33,Cayenne,GF,6/6/2021 11:45,4.9333,-52.3333,78.84,90,75,1.01
34,Villamontes,BO,6/6/2021 11:46,-21.25,-63.5,67.24,81,97,2.39
35,Saskylakh,RU,6/6/2021 11:43,71.9167,114.0833,42.01,51,77,9.86
36,Necochea,AR,6/6/2021 11:46,-38.5473,-58.7368,44.8,70,10,8.93
37,Khatanga,RU,6/6/2021 11:42,71.9667,102.5,38.19,75,100,7.4
38,Sao Filipe,CV,6/6/2021 11:42,14.8961,-24.4956,76.75,63,77,6.31
39,Touros,BR,6/6/2021 11:42,-5.1989,-35.4608,79.7,70,31,14.32
40,Bethel,US,6/6/2021 11:42,41.3712,-73.414,77.11,76,1,0
41,Road Town,VG,6/6/2021 11:46,18.4167,-64.6167,82.2,83,40,8.05
42,Gladstone,AU,6/6/2021 11:46,-23.85,151.25,57.13,67,0,0
43,San Patricio,US,6/6/2021 11:42,28.017,-97.5169,80.46,96,0,6.4
44,Atuona,PF,6/6/2021 11:42,-9.8,-139.0333,78.51,71,21,11.9
45,Albany,US,6/6/2021 11:40,42.6001,-73.9662,76.08,73,79,4.09
46,Qaanaaq,GL,6/6/2021 11:43,77.484,-69.3632,38.62,75,73,5.32
47,Lahij,YE,6/6/2021 11:46,13.1667,44.5833,101.91,19,16,10.8
48,Lebu,CL,6/6/2021 11:42,-37.6167,-73.65,45.73,79,86,5.46
49,Provideniya,RU,6/6/2021 11:43,64.3833,-173.3,35.15,85,71,5.46
50,Cowra,AU,6/6/2021 11:46,-33.8333,148.6833,42.6,85,46,2.24
51,Punta Arenas,CL,6/6/2021 11:42,-53.15,-70.9167,35.71,87,100,11.03
52,Lorengau,PG,6/6/2021 11:43,-2.0226,147.2712,79.88,86,99,13.13
53,Charters Towers,AU,6/6/2021 11:44,-20.1,146.2667,60.08,79,85,6.96
54,Bredasdorp,ZA,6/6/2021 11:42,-34.5322,20.0403,78.12,18,13,6.96
55,Serowe,BW,6/6/2021 11:46,-22.3833,26.7167,64.15,34,17,15.79
56,Ushuaia,AR,6/6/2021 11:38,-54.8,-68.3,37.06,70,75,5.75
57,Tilichiki,RU,6/6/2021 11:45,60.4667,166.1,36.86,92,99,7.29
58,Vao,NC,6/6/2021 11:43,-22.6667,167.4833,71.38,59,78,18.07
59,Ust-Tsilma,RU,6/6/2021 11:47,65.441,52.1498,60.03,23,68,8.57
60,Dikson,RU,6/6/2021 11:43,73.5069,80.5464,31.14,95,99,12.24
61,Celestun,MX,6/6/2021 11:47,20.8667,-90.4,78.28,82,66,10.49
62,Sterling,US,6/6/2021 11:47,39.0062,-77.4286,77,78,20,6.91
63,Nemuro,JP,6/6/2021 11:44,43.3236,145.575,53.29,89,87,18.63
64,Codrington,AU,6/6/2021 11:43,-38.2667,141.9667,56.08,75,100,15.14
65,Freeport,US,6/6/2021 11:46,40.6576,-73.5832,80.19,77,1,4
66,Carnarvon,AU,6/6/2021 11:42,-24.8667,113.6333,68.07,60,90,8.05
67,Mecca,SA,6/6/2021 11:41,21.4267,39.8261,103.03,28,4,15.17
68,Mahibadhoo,MV,6/6/2021 11:45,3.7833,72.9667,83.35,74,21,15.32
69,Hovd,MN,6/6/2021 11:43,48.0056,91.6419,56.35,24,41,10.45
70,Cururupu,BR,6/6/2021 11:47,-1.8283,-44.8683,79.99,90,26,2.37
71,Kavieng,PG,6/6/2021 11:42,-2.5744,150.7967,82.54,74,96,5.75
72,Jinchang,CN,6/6/2021 11:47,38.4953,102.1739,70.75,35,100,16.02
73,Poum,NC,6/6/2021 11:42,-20.2333,164.0167,73.31,62,97,21.54
74,Telenesti,MD,6/6/2021 11:47,47.4997,28.3656,75.07,51,66,10.6
75,Pangody,RU,6/6/2021 11:47,65.85,74.4859,43.16,56,95,18.14
76,Khelyulya,RU,6/6/2021 11:47,61.7333,30.6833,71.58,41,100,3.38
77,Kalmar,SE,6/6/2021 11:47,56.6616,16.3616,73.33,53,0,12.66
78,Marrakesh,MA,6/6/2021 11:43,31.6315,-8.0083,86.07,39,0,5.75
79,Aykhal,RU,6/6/2021 11:43,66,111.5,48.94,55,100,5.12
80,Yamada,JP,6/6/2021 11:47,39.4667,141.95,65.14,75,100,6.55
81,Kysyl-Syr,RU,6/6/2021 11:44,63.8986,122.7617,56.71,51,93,2.98
82,Constitucion,CL,6/6/2021 11:42,-35.3333,-72.4167,47.71,68,99,4.52
83,Valdosta,US,6/6/2021 11:47,30.8327,-83.2785,73.81,91,1,0
84,La Paz,BO,6/6/2021 11:44,-16.5,-68.15,35.58,80,75,2.3
85,Tromso,NO,6/6/2021 11:47,69.6496,18.957,66.85,38,0,14.97
86,Hermanus,ZA,6/6/2021 11:42,-34.4187,19.2345,79.9,39,12,6.31
87,Cadereyta,MX,6/6/2021 11:47,25.5833,-99.9833,74.17,80,15,3.04
88,Nikolskoye,RU,6/6/2021 11:43,59.7035,30.7861,76.89,33,62,6.69
89,Madimba,TZ,6/6/2021 11:47,-10.4,40.3333,82.15,51,57,13.67
90,Myski,RU,6/6/2021 11:43,53.709,87.8014,56.5,93,96,5.95
91,Jamestown,US,6/6/2021 11:42,42.097,-79.2353,69.39,86,1,4.61
92,Diego De Almagro,CL,6/6/2021 11:47,-26.3667,-70.05,55.4,52,3,1.01
93,Siparia,TT,6/6/2021 11:47,10.1333,-61.5,81.07,82,96,10.74
94,Takanabe,JP,6/6/2021 11:47,32.1333,131.5,69.69,85,100,1.5
95,Andilamena,MG,6/6/2021 11:47,-17.0167,48.5833,68.59,73,91,9.28
96,Pevek,RU,6/6/2021 11:42,69.7008,170.3133,48.38,69,77,12.88
97,Rudabanya,HU,6/6/2021 11:47,48.3833,20.6333,75.61,47,6,6.15
98,Arraial Do Cabo,BR,6/6/2021 11:42,-22.9661,-42.0278,75.16,78,0,14.97
99,Hambantota,LK,6/6/2021 11:43,6.1241,81.1185,89.94,70,40,19.84
100,Poso,ID,6/6/2021 11:47,-1.3959,120.7524,79.2,86,68,4.27
101,Seoul,KR,6/6/2021 11:47,37.5683,126.9778,76.48,69,0,4.61
102,Timizart,DZ,6/6/2021 11:47,36.8,4.2667,74.66,63,63,8.97
103,Rosarito,MX,6/6/2021 11:47,32.3333,-117.0333,62.1,87,8,4.16
104,Magadi,IN,6/6/2021 11:47,12.9667,77.2333,86.16,68,100,7.27
105,Arak,IR,6/6/2021 11:47,34.0917,49.6892,89.87,8,0,29.86
106,Chuy,UY,6/6/2021 11:42,-33.6971,-53.4616,52.12,84,38,4.14
107,Upernavik,GL,6/6/2021 11:42,72.7868,-56.1549,35.89,80,1,5.46
108,Cap-Aux-Meules,CA,6/6/2021 11:47,47.3821,-61.8597,53.65,76,40,16.11
109,Castro,BR,6/6/2021 11:42,-24.7911,-50.0119,64.22,67,96,2.86
110,Westport,US,6/6/2021 11:43,41.1415,-73.3579,78.37,74,1,6.08
111,Juneau,US,6/6/2021 11:45,58.3019,-134.4197,49.21,97,90,1.99
112,Najran,SA,6/6/2021 11:42,17.4924,44.1277,102.85,7,2,12.97
113,Nanortalik,GL,6/6/2021 11:43,60.1432,-45.2371,42.71,74,100,5.7
114,Tongliao,CN,6/6/2021 11:47,43.6125,122.2653,68.05,44,34,8.75
115,Maraa,BR,6/6/2021 11:47,-1.8333,-65.3667,74.68,95,100,2.53
116,Ponta Delgada,PT,6/6/2021 11:45,37.7333,-25.6667,66.92,82,20,8.05
117,Yellowknife,CA,6/6/2021 11:43,62.456,-114.3525,41.56,75,40,5.99
118,Coquimbo,CL,6/6/2021 11:43,-29.9533,-71.3436,55.13,94,90,1.14
119,Camana,PE,6/6/2021 11:47,-16.6228,-72.7111,62.58,84,86,6.31
120,Saint-Augustin,CA,6/6/2021 11:42,51.226,-58.6502,48.2,58,5,18.48
121,Prince Albert,CA,6/6/2021 11:43,53.2001,-105.7677,53.55,87,75,4.61
122,Saint-Philippe,RE,6/6/2021 11:42,-21.3585,55.7679,78.39,80,47,10.2
123,Ribeira Grande,PT,6/6/2021 11:43,38.5167,-28.7,68.4,83,40,12.66
124,Vaini,TO,6/6/2021 11:42,-21.2,-175.2,71.76,78,20,2.3
125,Bandarbeyla,SO,6/6/2021 11:47,9.4942,50.8122,88.93,55,10,27.11
126,Avera,US,6/6/2021 11:42,33.194,-82.5271,74.71,92,100,1.99
127,Bend,US,6/6/2021 11:47,44.0582,-121.3153,39.38,79,1,1.01
128,Butaritari,KI,6/6/2021 11:42,3.0707,172.7902,81.82,74,8,5.39
129,Kimbe,PG,6/6/2021 11:47,-5.5502,150.1429,76.93,92,99,4
130,Sadao,TH,6/6/2021 11:47,6.6388,100.4234,83.73,90,100,3.62
131,Shar,KZ,6/6/2021 11:47,49.5886,81.0453,68.45,36,6,12.19
132,Port Moresby,PG,6/6/2021 11:45,-9.4431,147.1797,78.22,89,75,11.5
133,Ariano Irpino,IT,6/6/2021 11:47,41.1489,15.0833,75.02,32,86,12.62
134,Qui Nhon,VN,6/6/2021 11:42,13.7667,109.2333,84.6,77,100,6.67
135,Mwanza,TZ,6/6/2021 11:45,-2.5167,32.9,84.25,39,40,12.66
136,Kuching,MY,6/6/2021 11:45,1.55,110.3333,75.42,100,40,1.14
137,Cheyenne,US,6/6/2021 11:47,41.14,-104.8203,67.77,41,1,16.11
138,Petropavlovsk-Kamchatskiy,RU,6/6/2021 11:45,53.0452,158.6483,41.59,100,90,2.37
139,Beringovskiy,RU,6/6/2021 11:45,63.05,179.3167,34.57,98,81,4.99
140,Husavik,IS,6/6/2021 11:47,66.0449,-17.3389,60.71,51,67,14.12
141,Port Alfred,ZA,6/6/2021 11:42,-33.5906,26.891,75.63,27,0,6.91
142,Nefteyugansk,RU,6/6/2021 11:47,61.0998,72.6035,59.25,72,99,12.26
143,Lake City,US,6/6/2021 11:47,30.1897,-82.6393,74.98,94,1,5.75
144,Leningradskiy,RU,6/6/2021 11:43,69.3833,178.4167,34.07,97,100,11.16
145,Nurota,UZ,6/6/2021 11:47,40.5614,65.6886,107.69,8,16,18.3
146,Tete,MZ,6/6/2021 11:47,-16.1564,33.5867,78.89,39,40,14
147,Rio Grande,BR,6/6/2021 11:40,-32.035,-52.0986,53.94,79,100,10.4
148,Rassvet,RU,6/6/2021 11:47,46.8333,40.75,70.59,76,58,4.47
149,Asau,RO,6/6/2021 11:43,46.4333,26.4,69.28,69,71,3.53
150,Sao Joao Da Barra,BR,6/6/2021 11:44,-21.6403,-41.0511,73.49,79,2,10.29
151,Kodiak,US,6/6/2021 11:42,57.79,-152.4072,51.31,54,1,9.22
152,Port Elizabeth,ZA,6/6/2021 11:42,-33.918,25.5701,79.11,14,0,12.66
153,Colac,AU,6/6/2021 11:47,-38.3333,143.5833,55.83,80,100,8.75
154,Shelburne,CA,6/6/2021 11:45,44.0787,-80.2041,71.85,56,64,13.27
155,Bluff,NZ,6/6/2021 11:42,-46.6,168.3333,49.8,80,94,1.99
156,Eyl,SO,6/6/2021 11:47,7.9803,49.8164,94.42,41,2,22.62
157,Barrow,US,6/6/2021 11:40,71.2906,-156.7887,32.02,86,90,11.5
158,Vardo,NO,6/6/2021 11:47,70.3705,31.1107,42.78,65,75,16.11
159,Kuytun,RU,6/6/2021 11:47,54.3419,101.5036,52.68,70,100,7.81
160,Thompson,CA,6/6/2021 11:42,55.7435,-97.8558,50.16,100,90,4.61
161,Bengkulu,ID,6/6/2021 11:44,-3.8004,102.2655,79.21,80,21,0.92
162,Muros,ES,6/6/2021 11:42,42.7762,-9.0603,73.69,53,38,11.27
163,Storslett,NO,6/6/2021 11:47,69.7678,21.0247,50,53,0,9.22
164,East London,ZA,6/6/2021 11:43,-33.0153,27.9116,72.54,40,0,6.91
165,Pangnirtung,CA,6/6/2021 11:44,66.1451,-65.7125,32.65,82,54,4.7
166,Sisophon,KH,6/6/2021 11:47,13.5859,102.9737,87.76,59,95,9.78
167,Yagoua,CM,6/6/2021 11:47,10.3411,15.2329,97.52,30,100,6.89
168,Coolum Beach,AU,6/6/2021 11:47,-26.5333,153.1,55.35,93,0,3.36
169,Taybad,IR,6/6/2021 11:47,34.74,60.7756,102.7,12,0,18.79
170,Ucluelet,CA,6/6/2021 11:45,48.9329,-125.5528,50.09,89,90,4.7
171,Hit,IQ,6/6/2021 11:47,33.6416,42.8251,100.56,12,0,13.09
172,Orodara,BF,6/6/2021 11:47,10.9492,-4.9342,93.87,35,96,8.21
173,Sheridan,US,6/6/2021 11:47,44.8333,-106.9173,61.18,54,90,4
174,Quchan,IR,6/6/2021 11:47,37.106,58.5095,91.33,23,1,9.46
175,Rock Sound,BS,6/6/2021 11:47,24.9,-76.2,79,83,85,19.75
176,Coruripe,BR,6/6/2021 11:46,-10.1256,-36.1756,79.93,75,18,9.44
177,Capreol,CA,6/6/2021 11:47,46.706,-80.9225,60.91,88,20,5.3
178,Tuatapere,NZ,6/6/2021 11:42,-46.1333,167.6833,49.82,83,71,2.64
179,Usinsk,RU,6/6/2021 11:42,65.9939,57.5281,51.78,34,91,17.98
180,Oktyabrskoye,RU,6/6/2021 11:47,43.0645,44.7417,62.74,77,90,3.58
181,Port Hedland,AU,6/6/2021 11:43,-20.3167,118.5667,73.45,68,89,4.61
182,Tabou,CI,6/6/2021 11:43,4.423,-7.3528,82.15,76,71,5.77
183,Ancud,CL,6/6/2021 11:43,-41.8697,-73.8203,48.22,85,89,6.15
184,Mount Isa,AU,6/6/2021 11:44,-20.7333,139.5,55.17,47,0,4.61
185,Georgetown,MY,6/6/2021 11:42,5.4112,100.3354,87.75,74,20,5.01
186,Mana,GF,6/6/2021 11:43,5.6592,-53.7767,78.67,87,49,3.53
187,Arani,IN,6/6/2021 11:47,12.6667,79.2833,92.57,43,100,5.23
188,Altamirano,MX,6/6/2021 11:47,16.8833,-92.15,55.67,97,74,2.91
189,Leeuwarden,NL,6/6/2021 11:47,53.2014,5.8086,65.97,81,90,12.66
190,Bucerias,MX,6/6/2021 11:45,20.75,-105.3333,77.99,94,1,1.83
191,Galle,LK,6/6/2021 11:43,6.0367,80.217,81.84,81,83,13.24
192,Anito,PH,6/6/2021 11:47,12.4497,125.2886,78.26,89,100,3.33
193,Port Blair,IN,6/6/2021 11:43,11.6667,92.75,85.1,75,74,11.92
194,Lazaro Cardenas,MX,6/6/2021 11:47,17.9583,-102.2,78.53,79,94,3.09
195,Nouadhibou,MR,6/6/2021 11:43,20.931,-17.0347,78.78,50,43,23.02
196,Port Hardy,CA,6/6/2021 11:42,50.6996,-127.4199,48.2,100,90,4.61
197,Zhezkazgan,KZ,6/6/2021 11:47,47.8043,67.7144,79.36,14,39,15.01
198,North Battleford,CA,6/6/2021 11:47,52.7834,-108.2847,50.09,87,90,9.22
199,Cam Ranh,VN,6/6/2021 11:47,11.9214,109.1591,87.76,70,40,6.2
200,Luanda,AO,6/6/2021 11:44,-8.8368,13.2343,86,58,40,4.61
201,Turan,VN,6/6/2021 11:47,16.0678,108.2208,89.65,70,20,4.61
202,Imeni Poliny Osipenko,RU,6/6/2021 11:42,52.4201,136.4853,45.95,95,99,7.56
203,Ponta Do Sol,PT,6/6/2021 11:42,32.6667,-17.1,74.71,69,11,2.15
204,Prado,BR,6/6/2021 11:47,-17.3411,-39.2208,76.19,84,68,6.24
205,Darhan,MN,6/6/2021 11:45,49.4867,105.9228,45.99,87,99,16.2
206,Aksu,CN,6/6/2021 11:45,41.1231,80.2644,93.02,11,36,17.11
207,Havoysund,NO,6/6/2021 11:47,70.9963,24.6622,49.08,66,11,5.37
208,Te Anau,NZ,6/6/2021 11:47,-45.4167,167.7167,38.07,93,21,0.94
209,Niquero,CU,6/6/2021 11:47,20.0431,-77.5828,78.39,85,6,6.6
210,Novyy Urgal,RU,6/6/2021 11:44,51.0736,132.5642,57.49,58,5,5.84
211,Saint-Paul,RE,6/6/2021 11:47,-21.0096,55.2707,78.91,75,29,11.9
212,Kushiro,JP,6/6/2021 11:43,42.975,144.3747,63.55,67,75,12.93
213,Arman,RU,6/6/2021 11:44,59.7,150.1667,43.65,91,100,3.44
214,Ostrovnoy,RU,6/6/2021 11:43,68.0531,39.5131,44.82,59,56,13.65
215,Tasiilaq,GL,6/6/2021 11:42,65.6145,-37.6368,39.36,95,100,1.16
216,Tigil,RU,6/6/2021 11:47,57.8,158.6667,46.67,82,98,4.54
217,Salalah,OM,6/6/2021 11:42,17.0151,54.0924,89.69,74,75,16.11
218,Ormara,PK,6/6/2021 11:47,25.2088,64.6357,85.96,67,16,8.77
219,Karratha,AU,6/6/2021 11:42,-20.7377,116.8463,76.01,66,100,8.84
220,Sulphur,US,6/6/2021 11:47,30.2366,-93.3774,75.16,97,40,4.43
221,Namibe,AO,6/6/2021 11:45,-15.1961,12.1522,83.03,69,0,8.05
222,Kaitangata,NZ,6/6/2021 11:43,-46.2817,169.8464,42.93,84,27,3.58
223,Luderitz,NA,6/6/2021 11:44,-26.6481,15.1594,79.77,29,0,10.07
224,Sapulpa,US,6/6/2021 11:47,35.9987,-96.1142,69.51,90,75,6.76
225,Belmonte,BR,6/6/2021 11:44,-15.8631,-38.8828,73.9,81,40,9.69
226,Skjervoy,NO,6/6/2021 11:44,70.0311,20.9714,50,62,19,8.59
227,Belaya Gora,RU,6/6/2021 11:45,68.5333,146.4167,36.86,96,100,14.72
228,Harper,LR,6/6/2021 11:43,4.375,-7.7169,82.29,75,63,4.88
229,Lagoa,PT,6/6/2021 11:42,39.05,-27.9833,63.95,88,99,14.32
230,Porto Novo,BJ,6/6/2021 11:47,6.4965,2.6036,87.62,59,85,9.98
231,Viedma,AR,6/6/2021 11:42,-40.8135,-62.9967,44.08,58,69,5.77
232,Fortuna,US,6/6/2021 11:43,40.5982,-124.1573,52.2,72,90,3
233,Pacifica,US,6/6/2021 11:44,37.6138,-122.4869,56.82,87,1,5.01
234,Athboy,IE,6/6/2021 11:47,53.6186,-6.9206,63.28,59,2,4.12
235,Kaeo,NZ,6/6/2021 11:45,-35.1,173.7833,62.33,92,100,17.34
236,San Giorgio Del Sannio,IT,6/6/2021 11:47,41.0696,14.8522,77.13,30,87,10.63
237,Narsaq,GL,6/6/2021 11:42,60.9167,-46.05,55.62,68,100,2.71
238,Cherskiy,RU,6/6/2021 11:42,68.75,161.3,62.74,46,9,10.27
239,Victoria,HK,6/6/2021 11:41,22.2855,114.1577,86.32,71,15,8.99
240,Yantzaza,EC,6/6/2021 11:47,-3.8278,-78.7594,66.09,99,100,0.47
241,Caldas Novas,BR,6/6/2021 11:47,-17.7417,-48.625,73.56,56,99,7.07
242,Iqaluit,CA,6/6/2021 11:42,63.7506,-68.5145,31.73,93,90,5.01
243,Haines Junction,CA,6/6/2021 11:45,60.7522,-137.5108,44.55,87,74,5.75
244,Cabo San Lucas,MX,6/6/2021 11:40,22.8909,-109.9124,77.81,64,54,9.57
245,Blama,SL,6/6/2021 11:47,7.8736,-11.3433,86.05,64,77,2.71
246,Tiksi,RU,6/6/2021 11:42,71.6872,128.8694,45.09,63,92,8.68
247,Ketchikan,US,6/6/2021 11:45,55.3422,-131.6461,48.18,100,90,0
248,Sitka,US,6/6/2021 11:40,57.0531,-135.33,48.09,87,75,4.61
249,Asfi,MA,6/6/2021 11:47,32.2994,-9.2372,74.59,64,42,19.39
250,San Jose,US,6/6/2021 11:45,37.3394,-121.895,56.79,80,1,1.99
251,Kargat,RU,6/6/2021 11:47,55.1956,80.2811,69.42,65,35,16.08
252,Lufilufi,WS,6/6/2021 11:47,-13.8745,-171.5986,76.78,76,19,5.35
253,Kerekegyhaza,HU,6/6/2021 11:47,46.9372,19.4781,80.65,50,29,7.78
254,Grindavik,IS,6/6/2021 11:45,63.8424,-22.4338,52.56,81,75,10.92
255,Lavrentiya,RU,6/6/2021 11:42,65.5833,-171,30.9,88,98,9.17
256,Tura,IN,6/6/2021 11:45,25.5198,90.2201,78.3,90,38,4.14
257,Pangoa,PE,6/6/2021 11:47,-12.1167,-73,66.63,99,91,2.21
258,Visnes,NO,6/6/2021 11:43,59.3556,5.2242,62.11,77,40,9.22
259,Tiznit,MA,6/6/2021 11:47,29.5833,-9.5,83.89,28,72,8.75
260,Esperance,AU,6/6/2021 11:42,-33.8667,121.9,58.84,76,65,21.45
261,Vung Tau,VN,6/6/2021 11:43,10.346,107.0843,84.58,76,100,13.47
262,Talnakh,RU,6/6/2021 11:42,69.4865,88.3972,33.6,95,100,4.94
263,Piacabucu,BR,6/6/2021 11:47,-10.4056,-36.4344,80.15,74,19,8.34
264,Yakovlevka,RU,6/6/2021 11:47,44.425,133.4772,53.67,95,37,2.33
265,Hukuntsi,BW,6/6/2021 11:47,-24,21.75,64.58,28,0,19.35
266,Tanout,NE,6/6/2021 11:47,14.9709,8.8879,99.79,21,95,7.31
267,Dangriga,BZ,6/6/2021 11:47,16.9692,-88.2321,82.36,79,67,12.97
268,Sovetsk,RU,6/6/2021 11:47,55.0839,21.8785,70.79,51,2,9.71
269,Ilulissat,GL,6/6/2021 11:43,69.2167,-51.1,37.42,81,83,6.91
270,Seydi,TM,6/6/2021 11:47,39.4816,62.9137,109.06,9,3,17.09
271,Sioux Lookout,CA,6/6/2021 11:45,50.1001,-91.917,64.78,94,90,6.91
272,Boende,CD,6/6/2021 11:47,-0.2167,20.8667,72.68,97,100,2.57
273,Hithadhoo,MV,6/6/2021 11:42,-0.6,73.0833,83.46,71,86,11.39
274,Chekhov,RU,6/6/2021 11:47,55.1431,37.4711,70.86,80,86,7.85
275,Buala,SB,6/6/2021 11:47,-8.145,159.5921,79.83,82,5,3.53
276,Dingle,PH,6/6/2021 11:43,10.9995,122.6711,78.33,81,100,1.48
277,Kanniyakumari,IN,6/6/2021 11:47,8.0833,77.5667,83.68,76,99,20.2
278,Zlitan,LY,6/6/2021 11:47,32.4674,14.5687,87.46,28,61,13.35
279,Santiago,CL,6/6/2021 11:43,-33.4569,-70.6483,55.85,66,75,0.51
280,Norman Wells,CA,6/6/2021 11:42,65.282,-126.8329,41.04,93,90,12.66
281,Huruesti,RO,6/6/2021 11:47,46.2667,27.25,72.32,48,38,8.79
282,Magadan,RU,6/6/2021 11:47,59.5667,150.8,43.05,89,100,4.74
283,Iturama,BR,6/6/2021 11:46,-19.7281,-50.1956,74.64,52,100,4.61
284,Beian,NO,6/6/2021 11:47,63.6559,9.5683,63.91,88,75,5.75
285,Ust-Maya,RU,6/6/2021 11:47,60.4167,134.5333,64.87,73,100,5.44
286,Oranjestad,AW,6/6/2021 11:47,12.524,-70.027,82.35,78,20,5.01
287,Chiredzi,ZW,6/6/2021 11:47,-21.05,31.6667,68.94,45,59,7.27
288,Port-Cartier,CA,6/6/2021 11:47,50.0334,-66.8654,55.92,57,25,1.25
289,Greenville,US,6/6/2021 11:47,35.6127,-77.3663,74.28,97,90,5.75
290,Winder,US,6/6/2021 11:44,33.9926,-83.7202,73.22,95,40,0
291,Ushtobe,KZ,6/6/2021 11:47,45.2514,77.9838,78.15,16,0,16.42
292,Ahipara,NZ,6/6/2021 11:43,-35.1667,173.1667,60.75,91,100,15.55
293,Gempol,ID,6/6/2021 11:47,-7.1827,111.6137,81.09,76,68,4.23
294,Gravdal,NO,6/6/2021 11:47,68.1214,13.5031,67.89,40,0,11.5
295,Kindu,CD,6/6/2021 11:47,-2.95,25.95,86.49,51,100,2.89
296,Hasaki,JP,6/6/2021 11:42,35.7333,140.8333,68.4,91,100,4.5
297,Canton,CN,6/6/2021 11:46,23.1167,113.25,87.75,58,60,5.7
298,Guymon,US,6/6/2021 11:47,36.6828,-101.4816,66.2,88,90,13.8
299,Cairns,AU,6/6/2021 11:47,-16.9167,145.7667,69.75,73,75,10.36
300,Guerrero Negro,MX,6/6/2021 11:42,27.9769,-114.0611,60.19,91,100,6.89
301,Ambatofinandrahana,MG,6/6/2021 11:44,-20.55,46.8,59.13,70,81,13.38
302,Port Lincoln,AU,6/6/2021 11:45,-34.7333,135.8667,60.22,64,97,13.51
303,Akdepe,TM,6/6/2021 11:47,42.0551,59.3788,102.29,15,2,12.73
304,Qasigiannguit,GL,6/6/2021 11:47,68.8193,-51.1922,37.65,80,72,4.05
305,Matagami,CA,6/6/2021 11:47,49.7502,-77.6328,44.71,93,1,5.39
306,Moose Factory,CA,6/6/2021 11:47,51.2585,-80.6094,42.8,87,40,4.61
307,Xiongyue,CN,6/6/2021 11:47,40.1774,122.1228,69.33,60,4,3.62
308,Vryburg,ZA,6/6/2021 11:47,-26.9566,24.7284,63.41,21,0,13.67
309,Mogadishu,SO,6/6/2021 11:44,2.0371,45.3438,85.87,62,20,20.71
310,Hervey Bay,AU,6/6/2021 11:45,-25.2986,152.8535,60.04,77,0,1.01
311,Carballo,ES,6/6/2021 11:43,43.213,-8.691,72.59,75,64,9.44
312,Wattegama,LK,6/6/2021 11:39,6.7989,81.4808,88.72,65,91,3.8
313,Tubmanburg,LR,6/6/2021 11:47,6.8708,-10.8172,88.12,61,65,2.19
314,Chumikan,RU,6/6/2021 11:47,54.7183,135.315,34.14,98,65,5.53
315,Chokurdakh,RU,6/6/2021 11:42,70.6333,147.9167,34.39,94,100,9.19
316,Fernley,US,6/6/2021 11:47,39.608,-119.2518,63.84,33,25,5.01
317,Mpigi,UG,6/6/2021 11:47,0.225,32.3136,70.61,93,100,4.07
318,Tungor,RU,6/6/2021 11:47,53.3808,142.9564,35.02,97,100,14.67
319,Praya,CV,6/6/2021 11:44,14.9215,-23.5087,84.74,32,0,24.16
320,Padang,ID,6/6/2021 11:43,-0.9492,100.3543,84.25,78,24,1.83
321,Saldanha,ZA,6/6/2021 11:43,-33.0117,17.9442,80.65,29,33,24.49
322,Hamilton,US,6/6/2021 11:39,39.1834,-84.5333,70.36,92,75,1.01
323,Jaisalmer,IN,6/6/2021 11:47,26.9147,70.9181,103.15,24,0,10.04
324,Bria,CF,6/6/2021 11:47,6.5423,21.9863,84.25,55,94,5.97
325,Ferrol,ES,6/6/2021 11:47,43.4832,-8.2369,71.85,79,58,17.52
326,Mokrousovo,RU,6/6/2021 11:47,55.8103,66.7653,72.9,36,3,10.2
327,Wigtown,GB,6/6/2021 11:47,54.8684,-4.4419,58.66,62,21,9.17
328,Longyearbyen,SJ,6/6/2021 11:42,78.2186,15.6401,37.24,75,20,14.97
329,Faanui,PF,6/6/2021 11:43,-16.4833,-151.75,80.56,71,4,9.8
330,Abu Kamal,SY,6/6/2021 11:45,34.4506,40.9171,94.15,13,0,16.33
331,Eureka,US,6/6/2021 11:47,40.8021,-124.1637,51.21,76,85,3
332,Naliya,IN,6/6/2021 11:47,23.2667,68.8333,90.52,52,0,14.92
333,Along,IN,6/6/2021 11:44,28.1667,94.7667,74.93,97,77,2.42
334,Narasannapeta,IN,6/6/2021 11:47,18.4167,84.05,89.42,65,1,16.02
335,Chaihe,CN,6/6/2021 11:43,44.7667,129.7,55.44,86,18,3.11
336,Baykit,RU,6/6/2021 11:42,61.67,96.37,47.05,43,100,10.67
337,Myitkyina,MM,6/6/2021 11:47,25.3833,97.4,78.89,91,87,1.14
338,Aurillac,FR,6/6/2021 11:47,44.9167,2.45,67.78,60,90,5.75
339,Geraldton,AU,6/6/2021 11:42,-28.7667,114.6,57.61,77,34,12.15
340,Ngorongoro,TZ,6/6/2021 11:47,-3.2397,35.4875,58.42,70,81,7.49
341,Zykovo,RU,6/6/2021 11:47,55.9519,93.1461,61.54,84,83,10.13
342,Loei,TH,6/6/2021 11:47,17.4167,101.5,74.57,87,100,3.42
343,Alur,IN,6/6/2021 11:47,12.9833,75.9833,74.97,74,85,12.1
344,Richards Bay,ZA,6/6/2021 11:42,-28.783,32.0377,69.96,57,4,6.44
345,Dalbandin,PK,6/6/2021 11:47,28.8947,64.4101,108.75,8,0,10.33
346,Urumqi,CN,6/6/2021 11:47,43.801,87.6005,70.75,31,0,10.29
347,Mackay,AU,6/6/2021 11:42,-21.15,149.2,62.58,77,91,5.75
348,Kununurra,AU,6/6/2021 11:44,-15.7667,128.7333,64.38,59,63,0
349,Ayan,RU,6/6/2021 11:47,56.45,138.1667,39.96,91,36,6.98
350,Arraias,BR,6/6/2021 11:47,-12.9288,-46.9437,75.36,50,98,9.62
351,Thayetmyo,MM,6/6/2021 11:47,19.3167,95.1833,91.2,52,98,11.21
352,Verkh-Tula,RU,6/6/2021 11:47,54.8839,82.7762,74.98,43,0,14.29
353,Maniitsoq,GL,6/6/2021 11:45,65.4167,-52.9,39.25,96,100,8.57
354,La Ronge,CA,6/6/2021 11:47,55.1001,-105.2842,53.85,82,90,5.75
355,Ilhabela,BR,6/6/2021 11:45,-23.7781,-45.3581,76.32,63,20,2.73
356,Sambava,MG,6/6/2021 11:47,-14.2667,50.1667,80.04,68,37,14.41
357,Saint George,US,6/6/2021 11:42,37.1041,-113.5841,81.19,23,1,1.01
358,Acapulco,MX,6/6/2021 11:42,16.8634,-99.8901,80.24,78,94,3.36
359,Torbay,CA,6/6/2021 11:44,47.6666,-52.7314,57.97,91,75,16.11
360,Hanko,FI,6/6/2021 11:47,59.8333,22.95,76.33,73,6,12.77
361,Yendi,GH,6/6/2021 11:47,9.4427,-0.0099,93.49,44,31,7.4
362,Sudak,UA,6/6/2021 11:47,44.85,34.9667,65.07,67,67,6.33
363,Mountain Home,US,6/6/2021 11:47,43.133,-115.6912,50.74,53,1,7.72
364,Khandyga,RU,6/6/2021 11:47,62.6667,135.6,59.76,48,100,6.29
365,Labuhan,ID,6/6/2021 11:43,-6.8844,112.2051,82.99,74,59,5.7
366,Adre,TD,6/6/2021 11:47,13.4667,22.2,96.71,18,12,5.99
367,Pisco,PE,6/6/2021 11:43,-13.7,-76.2167,62.65,88,90,1.14
368,Tuy Hoa,VN,6/6/2021 11:45,13.0833,109.3,83.41,75,100,5.91
369,Jurado,CO,6/6/2021 11:47,7.1053,-77.7641,76.77,92,89,2.68
370,Cidreira,BR,6/6/2021 11:42,-30.1811,-50.2056,62.85,89,100,11.01
371,Chudniv,UA,6/6/2021 11:47,50.052,28.1175,68.79,57,68,9.55
372,Zavetnoye,RU,6/6/2021 11:47,47.1194,43.8903,74.79,43,24,10.45
373,College,US,6/6/2021 11:42,64.8569,-147.8028,57.18,65,75,5.75
374,Saint-Joseph,RE,6/6/2021 11:42,-21.3667,55.6167,77.38,82,41,8.48
375,Newport,GB,6/6/2021 11:47,51.5877,-2.9984,67.66,78,99,3.78
376,Hanmer Springs,NZ,6/6/2021 11:47,-42.5167,172.8167,48.79,99,100,1.16
377,Maltahohe,NA,6/6/2021 11:47,-24.8333,16.9833,66.27,21,0,19.13
378,Atar,MR,6/6/2021 11:47,20.5169,-13.0499,101.98,12,3,18.19
379,Sorland,NO,6/6/2021 11:42,67.667,12.6934,68.07,77,10,12.17
380,Pietarsaari,FI,6/6/2021 11:47,63.65,22.6833,68.13,72,44,7.65
381,Abu Zabad,SD,6/6/2021 11:47,12.35,29.25,98.69,26,21,8.77
382,Challapata,BO,6/6/2021 11:47,-18.9,-66.7667,40.57,24,96,1.61
383,Llangefni,GB,6/6/2021 11:47,53.2556,-4.3106,62.46,65,75,6.46
384,Lavumisa,SZ,6/6/2021 11:47,-27.31,31.892,72.72,42,51,4
385,Severo-Kurilsk,RU,6/6/2021 11:42,50.6789,156.125,42.85,95,80,11.45
386,Champerico,GT,6/6/2021 11:42,14.3,-91.9167,82.35,85,74,4.94
387,Bourail,NC,6/6/2021 11:47,-21.5667,165.4833,66.87,67,77,6.76
388,Roald,NO,6/6/2021 11:47,62.5833,6.1333,65.16,100,75,8.05
389,Lusambo,CD,6/6/2021 11:47,-4.9667,23.45,92.37,33,75,6.11
390,Kudat,MY,6/6/2021 11:47,6.8837,116.8477,82.33,89,20,2.3
391,Kingston,JM,6/6/2021 11:43,17.997,-76.7936,79.75,85,20,3
392,Camabatela,AO,6/6/2021 11:47,-8.1881,15.375,85.84,19,86,4.21
393,Mehamn,NO,6/6/2021 11:42,71.0357,27.8492,42.75,61,75,11.5
394,Sitangkai,PH,6/6/2021 11:47,4.6628,119.3928,85.03,65,99,5.01
395,Hami,CN,6/6/2021 11:45,42.8,93.45,79.93,10,46,8.7
396,Svetlogorsk,BY,6/6/2021 11:47,52.6333,29.7333,73.11,47,62,7.61
397,Akureyri,IS,6/6/2021 11:48,65.6835,-18.0878,60.73,41,0,11.5
398,Varzea Grande,BR,6/6/2021 11:48,-15.6467,-56.1325,69.67,83,0,4.61
399,Vanavara,RU,6/6/2021 11:48,60.34,102.2797,49.01,43,45,11.95
400,Chingirlau,KZ,6/6/2021 11:48,51.095,54.0814,77.27,30,83,8.63
401,Gornyy,RU,6/6/2021 11:48,55.1153,83.9059,69.8,75,99,15.9
402,Malibu,US,6/6/2021 11:43,34.005,-118.8101,64.67,89,87,5.79
403,Boyolangu,ID,6/6/2021 11:48,-8.1181,111.8935,76.64,91,56,4.52
404,Davila,PH,6/6/2021 11:43,18.4726,120.5763,84.18,80,97,8.66
405,Paita,PE,6/6/2021 11:48,-5.0892,-81.1144,66.83,84,96,9.73
406,Krasnotorka,UA,6/6/2021 11:48,48.682,37.5327,70.09,61,78,8.86
407,Cauquenes,CL,6/6/2021 11:48,-35.9671,-72.3225,41.61,79,100,0.81
408,Aklavik,CA,6/6/2021 11:43,68.2191,-135.0107,29.23,81,100,6.17
409,Matamoros,MX,6/6/2021 11:45,25.5333,-103.25,79.11,30,24,3.58
410,Sao Jose Da Coroa Grande,BR,6/6/2021 11:48,-8.8978,-35.1478,80.19,73,56,9.44
411,Novokruchininskiy,RU,6/6/2021 11:48,51.7833,113.7667,76.73,45,78,9.95
412,Forestville,US,6/6/2021 11:48,38.8451,-76.875,76.68,78,1,4.61
413,Northam,GB,6/6/2021 11:44,51.0333,-4.2167,68.2,83,57,6.06
414,Kudahuvadhoo,MV,6/6/2021 11:45,2.6708,72.8944,83.34,74,28,14.25
415,Golyshmanovo,RU,6/6/2021 11:48,56.3979,68.3728,72.28,45,1,10.92
416,Winneba,GH,6/6/2021 11:48,5.3511,-0.6231,86.47,71,73,8.97
417,Kendari,ID,6/6/2021 11:48,-3.945,122.4989,77.49,85,56,2.42
418,Catamarca,AR,6/6/2021 11:48,-28.4696,-65.7852,57.78,65,61,10
419,Edson,CA,6/6/2021 11:48,53.5835,-116.4356,39.34,87,1,2.3
420,Ratnagiri,IN,6/6/2021 11:48,16.9833,73.3,84.54,69,84,4.34
421,Dubbo,AU,6/6/2021 11:48,-32.25,148.6167,44.73,93,7,8.05
422,Dillon,US,6/6/2021 11:45,34.4166,-79.3712,76.66,85,99,2.98
423,Berbera,SO,6/6/2021 11:48,10.4396,45.0143,95.85,48,0,12.33
424,Yulara,AU,6/6/2021 11:43,-25.2406,130.9889,60.64,33,0,6.91
425,Strimonikon,GR,6/6/2021 11:48,41.05,23.3167,87.78,29,9,6.85
426,Mala,PE,6/6/2021 11:48,-12.6581,-76.6308,63.99,78,72,1.95
427,Manoharpur,IN,6/6/2021 11:48,27.3,75.95,99.55,20,54,3.44
428,Bambous Virieux,MU,6/6/2021 11:42,-20.3428,57.7575,79.21,73,75,8.5
429,Kichmengskiy Gorodok,RU,6/6/2021 11:48,59.9816,45.7854,80.22,34,77,2.42
430,Hue,VN,6/6/2021 11:44,16.4667,107.6,89.71,62,40,5.73
431,Jasper,US,6/6/2021 11:45,37.2001,-94.3502,68.23,88,1,1.01
432,Olafsvik,IS,6/6/2021 11:43,64.8945,-23.7142,46.18,93,100,7.36
433,Khoy,IR,6/6/2021 11:48,38.5504,44.9535,88.27,11,2,12.1
434,Scarborough,GB,6/6/2021 11:48,54.2797,-0.4044,64.22,75,100,1.01
435,Dickinson,US,6/6/2021 11:48,29.4608,-95.0513,76.95,89,20,6.4
436,Severnyy-Kospashskiy,RU,6/6/2021 11:48,59.0925,57.8008,72.43,39,53,8.61
437,Jalu,LY,6/6/2021 11:42,29.0331,21.5482,89.83,18,0,9.55
438,Pasni,PK,6/6/2021 11:48,25.2631,63.471,85.6,71,34,9.06
439,Lata,PT,6/6/2021 11:45,40.1629,-8.3327,77.49,48,0,6.38
440,Stykkisholmur,IS,6/6/2021 11:48,65.0757,-22.7297,48.22,85,100,2.75
441,Gamba,GA,6/6/2021 11:44,-2.65,10,81.86,73,76,9.84
442,Guane,CU,6/6/2021 11:48,22.2025,-84.0875,78.51,84,79,6.4
443,Yar-Sale,RU,6/6/2021 11:44,66.8333,70.8333,44.8,46,100,17.9
444,Oksfjord,NO,6/6/2021 11:45,70.2396,22.3479,52,37,10,3.96
445,Dakar,SN,6/6/2021 11:44,14.6937,-17.4441,83.28,69,4,9.22
446,Bitlis,TR,6/6/2021 11:48,38.5,42.25,76.41,29,1,16.78
447,Nisia Floresta,BR,6/6/2021 11:48,-6.0911,-35.2086,80.98,79,78,11.01
448,Soyaniquilpan,MX,6/6/2021 11:48,19.9833,-99.5,55.15,74,99,4.29
449,Katsuura,JP,6/6/2021 11:42,35.1333,140.3,71.71,92,100,3.36
450,Ambon,ID,6/6/2021 11:48,-3.6954,128.1814,80.78,81,85,12.86
451,Gunjur,GM,6/6/2021 11:48,13.2019,-16.7339,86.07,66,75,13.22
452,Batagay-Alyta,RU,6/6/2021 11:43,67.8006,130.4114,49.48,50,42,4.03
453,Comodoro Rivadavia,AR,6/6/2021 11:42,-45.8667,-67.5,39.06,70,0,1.14
454,Asadabad,IR,6/6/2021 11:48,34.7824,48.1185,89.55,9,0,19.08
455,Sarai,RU,6/6/2021 11:48,53.7458,41.0213,63.32,79,95,9.26
456,Kruisfontein,ZA,6/6/2021 11:42,-34.0033,24.7314,76.89,12,0,18.84
457,Teya,RU,6/6/2021 11:48,60.3778,92.6267,54.48,36,84,7.11
458,Nikki,BJ,6/6/2021 11:48,9.9401,3.2108,95.18,36,31,4.9
459,Nizhniy Kuranakh,RU,6/6/2021 11:43,58.8353,125.4869,67.93,57,51,5.28
460,Tevaitoa,PF,6/6/2021 11:44,-16.7833,-151.5,80.42,73,4,11.23
461,Atikokan,CA,6/6/2021 11:48,48.7555,-91.6216,64.29,98,100,7.52
462,Oistins,BB,6/6/2021 11:39,13.0667,-59.5333,82.49,61,40,20.71
463,Marathon,US,6/6/2021 11:48,44.9,-89.7668,72.93,75,1,11.9
464,Fort Nelson,CA,6/6/2021 11:43,58.8053,-122.7002,49.59,87,90,6.91
465,Namtsy,RU,6/6/2021 11:48,62.7161,129.6658,59.11,46,100,4.9
466,Cockburn Town,TC,6/6/2021 11:46,21.4612,-71.1419,79.99,78,0,20.38
467,Takoradi,GH,6/6/2021 11:48,4.8845,-1.7554,83.23,69,74,7.4
468,Wilkie,CA,6/6/2021 11:48,52.4168,-108.7014,48.58,84,48,11.45
469,Brigham City,US,6/6/2021 11:47,41.5102,-112.0155,68.02,37,1,1.01
470,Thoen,TH,6/6/2021 11:48,17.6129,99.2161,85.55,77,100,3.47
471,Gibara,CU,6/6/2021 11:48,21.1097,-76.1317,78.12,79,35,18.12
472,Huilong,CN,6/6/2021 11:48,31.8111,121.655,81.03,67,0,15.79
473,Motril,ES,6/6/2021 11:48,36.7507,-3.5179,88.14,61,0,3.58
474,Evensk,RU,6/6/2021 11:43,61.95,159.2333,47.39,80,98,5.68
475,Rocha,UY,6/6/2021 11:44,-34.4833,-54.3333,49.8,91,15,4.63
476,Halifax,CA,6/6/2021 11:39,44.6453,-63.5724,65.34,90,100,3
477,Yazd,IR,6/6/2021 11:48,31.8972,54.3675,107.71,6,20,4.61
478,Bajil,YE,6/6/2021 11:44,15.0584,43.2851,102.2,30,5,20.76
479,Shemgang,BT,6/6/2021 11:48,27.2169,90.6579,62.82,99,96,1.01
480,Saint-Francois,FR,6/6/2021 11:48,46.4154,3.9054,65.17,79,90,8.05
481,Piste,MX,6/6/2021 11:48,20.7,-88.5833,74.8,95,69,2.24
482,Saint Anthony,US,6/6/2021 11:48,45.0205,-93.218,77.14,59,1,1.01
483,Brigantine,US,6/6/2021 11:48,39.4101,-74.3646,75.99,78,1,8.08
484,Tahe,CN,6/6/2021 11:48,52.3333,124.7333,59.29,50,6,4.54
485,Valencia,ES,6/6/2021 11:47,39.3333,-0.8333,77.68,43,13,3.51
486,Merauke,ID,6/6/2021 11:44,-8.4667,140.3333,76.69,89,95,16.98
487,Champoton,MX,6/6/2021 11:48,19.35,-90.7167,76.03,89,97,7.11
488,Ishigaki,JP,6/6/2021 11:48,24.3448,124.1572,77.13,94,75,2.3
489,Kisesa,TZ,6/6/2021 11:48,-3.0833,34.15,78.39,43,27,10.22
490,Pindiga,NG,6/6/2021 11:48,9.9833,10.9333,89.08,45,83,8.05
491,The Valley,AI,6/6/2021 11:44,18.217,-63.0578,81.1,78,40,11.5
492,Colombo,LK,6/6/2021 11:44,6.9319,79.8478,85.95,79,76,11.97
493,Malpe,IN,6/6/2021 11:48,13.35,74.7167,87.1,74,67,7.47
494,Waipawa,NZ,6/6/2021 11:43,-41.4122,175.5153,53.92,88,100,2.3
495,Hakkari,TR,6/6/2021 11:48,37.5833,44.1667,71.38,21,0,16.11
496,Rudnya,RU,6/6/2021 11:48,54.947,31.0934,73.53,67,27,7.67
497,Valdivia,CL,6/6/2021 11:48,-39.8142,-73.2459,41.09,96,90,1.77
498,Mumford,GH,6/6/2021 11:48,5.2618,-0.759,82.53,72,68,9.04
499,Kahului,US,6/6/2021 11:39,20.8947,-156.47,75.85,78,1,12.66
500,Tinskoy,RU,6/6/2021 11:42,56.1525,96.9161,55.87,72,74,11.88
501,Isangel,VU,6/6/2021 11:43,-19.55,169.2667,72.25,69,100,12.84
502,Zharkent,KZ,6/6/2021 11:48,44.1628,80,86,23,0,14.38
503,Hailar,CN,6/6/2021 11:48,49.2,119.7,66.13,41,0,8.68
504,Taunggyi,MM,6/6/2021 11:48,20.7833,97.0333,69.66,84,78,2.62
505,Adrar,MR,6/6/2021 11:43,20.5022,-10.0711,104.31,10,37,22.82
506,Tabas,IR,6/6/2021 11:48,33.5959,56.9244,111.58,4,1,1.28
507,Puerto Carreno,CO,6/6/2021 11:48,6.189,-67.4859,77.13,87,98,7.96
508,Mount Gambier,AU,6/6/2021 11:43,-37.8333,140.7667,55.31,88,100,11.5
509,Clyde River,CA,6/6/2021 11:45,70.4692,-68.5914,34.03,93,90,12.66
510,Souillac,MU,6/6/2021 11:43,-20.5167,57.5167,79.36,73,75,6.24
511,Tessalit,ML,6/6/2021 11:43,20.1986,1.0114,109.9,6,0,15.93
512,Half Moon Bay,US,6/6/2021 11:41,37.4636,-122.4286,57.02,84,1,3
513,Bonthe,SL,6/6/2021 11:43,7.5264,-12.505,84.88,71,72,8.48
514,Linqiong,CN,6/6/2021 11:48,30.4159,103.4609,84.02,60,98,3.11
515,Estelle,US,6/6/2021 11:48,29.8458,-90.1067,78.85,85,90,5.75
516,Natal,BR,6/6/2021 11:48,-5.795,-35.2094,80.82,74,20,11.68
517,Vila,PT,6/6/2021 11:48,42.0304,-8.1588,73.74,43,1,4.05
518,Coos Bay,US,6/6/2021 11:48,43.3665,-124.2179,47.93,89,20,0
519,Yartsevo,RU,6/6/2021 11:48,55.0667,32.6964,69.46,56,70,6.35
520,Dandong,CN,6/6/2021 11:48,40.1292,124.3947,60.3,95,31,3.56
521,Athabasca,CA,6/6/2021 11:48,54.7169,-113.2854,53.29,60,100,12.08
522,Rawson,AR,6/6/2021 11:42,-43.3002,-65.1023,42.66,61,68,8.97
523,Severnoye,RU,6/6/2021 11:45,56.3491,78.3619,71.04,62,47,17.43
524,Kavaratti,IN,6/6/2021 11:45,10.5669,72.642,82.8,75,77,10.98
525,Sibolga,ID,6/6/2021 11:48,1.7427,98.7792,77.76,78,24,1.81
526,Sayyan,YE,6/6/2021 11:43,15.1718,44.3244,81.1,10,8,15.08
527,Huron,US,6/6/2021 11:48,41.1501,-82.5499,71.82,82,0,8.79
528,Popondetta,PG,6/6/2021 11:48,-8.7537,148.2534,72.61,98,96,2.98
529,Marawi,PH,6/6/2021 11:48,7.9986,124.2928,66.65,95,100,3.71
530,Plerin,FR,6/6/2021 11:48,48.5425,-2.7798,65.68,74,90,1.99
531,Sorong,ID,6/6/2021 11:48,-0.8833,131.25,79.72,83,61,9.04
532,Oum Hadjer,TD,6/6/2021 11:48,13.2954,19.6966,98.26,24,83,2.89
533,Okha,RU,6/6/2021 11:48,53.5739,142.9478,35.04,98,100,13.6
534,Havre-Saint-Pierre,CA,6/6/2021 11:45,50.2334,-63.5986,50.36,71,1,8.05
535,Dwarka,IN,6/6/2021 11:48,22.2394,68.9678,87.21,65,3,13.91
536,Babu,CN,6/6/2021 11:48,24.4167,111.5167,76.39,71,0,1.92
537,Japura,ID,6/6/2021 11:48,-0.3167,102.35,82.63,67,80,2.73
538,Murray Bridge,AU,6/6/2021 11:48,-35.1167,139.2667,62.85,67,71,9.1
539,Emerald,AU,6/6/2021 11:48,-23.5333,148.1667,57.34,44,0,4.61
540,Ahuimanu,US,6/6/2021 11:48,21.4447,-157.8378,76.75,70,75,15.52
541,Itarantim,BR,6/6/2021 11:48,-15.6597,-40.0656,71.24,81,99,3.49
542,Weihai,CN,6/6/2021 11:48,37.5017,122.1136,70.72,56,64,9.08
543,Sampit,ID,6/6/2021 11:48,-2.5333,112.95,79.75,80,93,3.53
544,Rabo De Peixe,PT,6/6/2021 11:48,37.8,-25.5833,65.71,82,20,5.14
545,Yuli,NG,6/6/2021 11:48,9.6989,10.2744,92.48,43,85,7.56
546,Turukhansk,RU,6/6/2021 11:44,65.8167,87.9833,42.17,57,100,6.64
547,Banda Aceh,ID,6/6/2021 11:44,5.5577,95.3222,81.73,78,95,14.58
